"Freq [GHz]","stripWidth [um]","dB(S(2,1)) []"
2,212.929618735937,-0.150893681452095
2,221.392039293302,-0.17405155842618
2,223.057708580623,-0.169623477211009
2,226.114355508728,-0.149508774693549
2,226.62834712241,-0.147294167611379
2,226.918848639674,-0.162760711683849
2,228.753372036693,-0.154711317782125
2,229.5,-0.171317263765697
2,229.923225798645,-0.170185588076437
2,231.971457970407,-0.178199399239824
2,232.178979442208,-0.200879663406045
2,232.429618735937,-0.155829214309711
2,232.432925068139,-0.190103701005989
2,232.463893728841,-0.14878623829458
2,232.532451883544,-0.136834988044221
2,232.55334418237,-0.142342060747676
2,232.556205555975,-0.158834958772986
2,232.581957918417,-0.167122791706807
2,232.673763296602,-0.158553690462717
2,232.986862188852,-0.157718061764496
2,233.641834963959,-0.153991036120471
2,233.753183141151,-0.173499186009612
2,235.05994871257,-0.157132806769658
2,237.9403888322,-0.156972085983527
2,238.230890349464,-0.165219851844427
2,242.557708580623,-0.156635149167674
2,248.566623819016,-0.189248618213658
2,249,-0.190147161402374
2,255.442291419377,-0.18646234606019
2.08163265306122,212.929618735937,-0.159512219641852
2.08163265306122,221.392039293302,-0.183956290324808
2.08163265306122,223.057708580623,-0.179006194128516
2.08163265306122,226.114355508728,-0.157778606535137
2.08163265306122,226.62834712241,-0.155453995695689
2.08163265306122,226.918848639674,-0.172113035420687
2.08163265306122,228.753372036693,-0.163408779811789
2.08163265306122,229.5,-0.180971053645767
2.08163265306122,229.923225798645,-0.180005465664049
2.08163265306122,231.971457970407,-0.188319973335229
2.08163265306122,232.178979442208,-0.212371199048181
2.08163265306122,232.429618735937,-0.164397486475831
2.08163265306122,232.432925068139,-0.201352826210497
2.08163265306122,232.463893728841,-0.157164226708303
2.08163265306122,232.532451883544,-0.144485139450091
2.08163265306122,232.55334418237,-0.150014578155361
2.08163265306122,232.556205555975,-0.167678618809124
2.08163265306122,232.581957918417,-0.176579191433608
2.08163265306122,232.673763296602,-0.167456953143258
2.08163265306122,232.986862188852,-0.166843979985342
2.08163265306122,233.641834963959,-0.162608247502282
2.08163265306122,233.753183141151,-0.183301990355706
2.08163265306122,235.05994871257,-0.165970216313121
2.08163265306122,237.9403888322,-0.165826138026201
2.08163265306122,238.230890349464,-0.174736573954293
2.08163265306122,242.557708580623,-0.165517917937916
2.08163265306122,248.566623819016,-0.200656664066017
2.08163265306122,249,-0.201353406576773
2.08163265306122,255.442291419377,-0.197502959738908
2.16326530612245,212.929618735937,-0.168206887049694
2.16326530612245,221.392039293302,-0.193893259762859
2.16326530612245,223.057708580623,-0.188387902260824
2.16326530612245,226.114355508728,-0.166066954240372
2.16326530612245,226.62834712241,-0.163635179595044
2.16326530612245,226.918848639674,-0.181528364376783
2.16326530612245,228.753372036693,-0.172140570422231
2.16326530612245,229.5,-0.19064795363401
2.16326530612245,229.923225798645,-0.189887580340216
2.16326530612245,231.971457970407,-0.198467599877922
2.16326530612245,232.178979442208,-0.223870421760781
2.16326530612245,232.429618735937,-0.172966390569062
2.16326530612245,232.432925068139,-0.212680730409328
2.16326530612245,232.463893728841,-0.165583948107399
2.16326530612245,232.532451883544,-0.152179281245253
2.16326530612245,232.55334418237,-0.157691422697707
2.16326530612245,232.556205555975,-0.176536016842995
2.16326530612245,232.581957918417,-0.186064519912273
2.16326530612245,232.673763296602,-0.176390801120245
2.16326530612245,232.986862188852,-0.176034265348568
2.16326530612245,233.641834963959,-0.171246939660736
2.16326530612245,233.753183141151,-0.193114649317838
2.16326530612245,235.05994871257,-0.174831171052905
2.16326530612245,237.9403888322,-0.174706228504775
2.16326530612245,238.230890349464,-0.184305491458025
2.16326530612245,242.557708580623,-0.174436432781616
2.16326530612245,248.566623819016,-0.212169216649934
2.16326530612245,249,-0.212624121331593
2.16326530612245,255.442291419377,-0.208612543524344
2.24489795918367,212.929618735937,-0.176957138823501
2.24489795918367,221.392039293302,-0.203834572622236
2.24489795918367,223.057708580623,-0.1977400419654
2.24489795918367,226.114355508728,-0.174350442826625
2.24489795918367,226.62834712241,-0.171814813027251
2.24489795918367,226.918848639674,-0.190983292080526
2.24489795918367,228.753372036693,-0.180882776505088
2.24489795918367,229.5,-0.200320271891372
2.24489795918367,229.923225798645,-0.199806683948915
2.24489795918367,231.971457970407,-0.208613462410186
2.24489795918367,232.178979442208,-0.235341702037079
2.24489795918367,232.429618735937,-0.181509333435881
2.24489795918367,232.432925068139,-0.224058322399416
2.24489795918367,232.463893728841,-0.174023415256517
2.24489795918367,232.532451883544,-0.159902834797617
2.24489795918367,232.55334418237,-0.165347327085368
2.24489795918367,232.556205555975,-0.185381494098423
2.24489795918367,232.581957918417,-0.195552144567438
2.24489795918367,232.673763296602,-0.185330672801642
2.24489795918367,232.986862188852,-0.185263651900271
2.24489795918367,233.641834963959,-0.179882910493958
2.24489795918367,233.753183141151,-0.202908074670639
2.24489795918367,235.05994871257,-0.18369249748486
2.24489795918367,237.9403888322,-0.183587377747621
2.24489795918367,238.230890349464,-0.193900631350809
2.24489795918367,242.557708580623,-0.183365893640531
2.24489795918367,248.566623819016,-0.22375817557568
2.24489795918367,249,-0.223928810392656
2.24489795918367,255.442291419377,-0.2197616694803
2.3265306122449,212.929618735937,-0.185742333707022
2.3265306122449,221.392039293302,-0.213752426688562
2.3265306122449,223.057708580623,-0.207034200706564
2.3265306122449,226.114355508728,-0.18260575011959
2.3265306122449,226.62834712241,-0.179970020278193
2.3265306122449,226.918848639674,-0.20045441972045
2.3265306122449,228.753372036693,-0.189611579121243
2.3265306122449,229.5,-0.209960407115213
2.3265306122449,229.923225798645,-0.209737514450329
2.3265306122449,231.971457970407,-0.218728859600711
2.3265306122449,232.178979442208,-0.246749690843704
2.3265306122449,232.429618735937,-0.189999884568096
2.3265306122449,232.432925068139,-0.235456532332695
2.3265306122449,232.463893728841,-0.182460631076697
2.3265306122449,232.532451883544,-0.167639825994811
2.3265306122449,232.55334418237,-0.172957341953124
2.3265306122449,232.556205555975,-0.194189452635476
2.3265306122449,232.581957918417,-0.205015517836049
2.3265306122449,232.673763296602,-0.19425204541235
2.3265306122449,232.986862188852,-0.194507428552681
2.3265306122449,233.641834963959,-0.188491902146511
2.3265306122449,233.753183141151,-0.212653258693423
2.3265306122449,235.05994871257,-0.192530405744942
2.3265306122449,237.9403888322,-0.192444648978994
2.3265306122449,238.230890349464,-0.203496059763351
2.3265306122449,242.557708580623,-0.192281541676179
2.3265306122449,248.566623819016,-0.235395506981065
2.3265306122449,249,-0.235237082238974
2.3265306122449,255.442291419377,-0.23092098769146
2.40816326530612,212.929618735937,-0.194541825696297
2.40816326530612,221.392039293302,-0.223619211557594
2.40816326530612,223.057708580623,-0.216242221312912
2.40816326530612,226.114355508728,-0.190809692980406
2.40816326530612,226.62834712241,-0.188078039558454
2.40816326530612,226.918848639674,-0.209918422739772
2.40816326530612,228.753372036693,-0.198303309840468
2.40816326530612,229.5,-0.219540949340652
2.40816326530612,229.923225798645,-0.219654882655369
2.40816326530612,231.971457970407,-0.228785304204571
2.40816326530612,232.178979442208,-0.258059447432517
2.40816326530612,232.429618735937,-0.198411883911217
2.40816326530612,232.432925068139,-0.24684640711359
2.40816326530612,232.463893728841,-0.190873666301915
2.40816326530612,232.532451883544,-0.175373282102088
2.40816326530612,232.55334418237,-0.180496936268904
2.40816326530612,232.556205555975,-0.202934446565322
2.40816326530612,232.581957918417,-0.214428274126891
2.40816326530612,232.673763296602,-0.203130523829211
2.40816326530612,232.986862188852,-0.203741617056486
2.40816326530612,233.641834963959,-0.197049712487349
2.40816326530612,233.753183141151,-0.222321388333461
2.40816326530612,235.05994871257,-0.201320788023457
2.40816326530612,237.9403888322,-0.201253236639935
2.40816326530612,238.230890349464,-0.213065981164444
2.40816326530612,242.557708580623,-0.20115875287798
2.40816326530612,248.566623819016,-0.247053308296303
2.40816326530612,249,-0.246518739661209
2.40816326530612,255.442291419377,-0.242061317111799
2.48979591836735,212.929618735937,-0.20333504836686
2.48979591836735,221.392039293302,-0.233407607172337
2.48979591836735,223.057708580623,-0.225336308457998
2.48979591836735,226.114355508728,-0.198939313129425
2.48979591836735,226.62834712241,-0.196116306220485
2.48979591836735,226.918848639674,-0.219352120465831
2.48979591836735,228.753372036693,-0.206934511585636
2.48979591836735,229.5,-0.229034779493281
2.48979591836735,229.923225798645,-0.229533758465207
2.48979591836735,231.971457970407,-0.238754621663439
2.48979591836735,232.178979442208,-0.269236563186239
2.48979591836735,232.429618735937,-0.206719546037633
2.48979591836735,232.432925068139,-0.258199204772723
2.48979591836735,232.463893728841,-0.199240737241444
2.48979591836735,232.532451883544,-0.183085578930933
2.48979591836735,232.55334418237,-0.187942088465889
2.48979591836735,232.556205555975,-0.211591273586675
2.48979591836735,232.581957918417,-0.223764325689438
2.48979591836735,232.673763296602,-0.211941928837613
2.48979591836735,232.986862188852,-0.212943197089366
2.48979591836735,233.641834963959,-0.205532301719265
2.48979591836735,233.753183141151,-0.231883957403533
2.48979591836735,235.05994871257,-0.210039454822236
2.48979591836735,237.9403888322,-0.209988554645466
2.48979591836735,238.230890349464,-0.222584833965688
2.48979591836735,242.557708580623,-0.209973129090616
2.48979591836735,248.566623819016,-0.258703875945381
2.48979591836735,249,-0.25774387082365
2.48979591836735,255.442291419377,-0.253153736395972
2.57142857142857,212.929618735937,-0.212101592132829
2.57142857142857,221.392039293302,-0.243090679785014
2.57142857142857,223.057708580623,-0.23428913215748
2.57142857142857,226.114355508728,-0.206971961365304
2.57142857142857,226.62834712241,-0.204062534644069
2.57142857142857,226.918848639674,-0.228732547199672
2.57142857142857,228.753372036693,-0.215482002502364
2.57142857142857,229.5,-0.238415166470679
2.57142857142857,229.923225798645,-0.239349355398445
2.57142857142857,231.971457970407,-0.248609046956837
2.57142857142857,232.178979442208,-0.280247280377769
2.57142857142857,232.429618735937,-0.214897559867195
2.57142857142857,232.432925068139,-0.269486486590273
2.57142857142857,232.463893728841,-0.207540282457926
2.57142857142857,232.532451883544,-0.190758726355419
2.57142857142857,232.55334418237,-0.195269369277131
2.57142857142857,232.556205555975,-0.220135065481254
2.57142857142857,232.581957918417,-0.232997956196003
2.57142857142857,232.673763296602,-0.220662383597891
2.57142857142857,232.986862188852,-0.222090371969038
2.57142857142857,233.641834963959,-0.213915893698898
2.57142857142857,233.753183141151,-0.241312875576527
2.57142857142857,235.05994871257,-0.218662326941804
2.57142857142857,237.9403888322,-0.218626323329376
2.57142857142857,238.230890349464,-0.232027381755687
2.57142857142857,242.557708580623,-0.218700585514874
2.57142857142857,248.566623819016,-0.270319774594362
2.57142857142857,249,-0.268882939372191
2.57142857142857,255.442291419377,-0.264169673400929
2.6530612244898,212.929618735937,-0.220821274786178
2.6530612244898,221.392039293302,-0.252641974478027
2.6530612244898,223.057708580623,-0.243073927428885
2.6530612244898,226.114355508728,-0.214885379305873
2.6530612244898,226.62834712241,-0.211894797921086
2.6530612244898,226.918848639674,-0.238037023517943
2.6530612244898,228.753372036693,-0.223922941600786
2.6530612244898,229.5,-0.247655860876601
2.6530612244898,229.923225798645,-0.249077212526479
2.6530612244898,231.971457970407,-0.258321318675786
2.6530612244898,232.178979442208,-0.291058605078664
2.6530612244898,232.429618735937,-0.222921183391901
2.6530612244898,232.432925068139,-0.280680206079634
2.6530612244898,232.463893728841,-0.215751037491474
2.6530612244898,232.532451883544,-0.198374597024925
2.6530612244898,232.55334418237,-0.202456017044623
2.6530612244898,232.556205555975,-0.22854137655249
2.6530612244898,232.581957918417,-0.242103911175445
2.6530612244898,232.673763296602,-0.229268397444286
2.6530612244898,232.986862188852,-0.23116282918301
2.6530612244898,233.641834963959,-0.222177071748392
2.6530612244898,233.753183141151,-0.250580573301009
2.6530612244898,235.05994871257,-0.227165595002984
2.6530612244898,237.9403888322,-0.227142654152285
2.6530612244898,238.230890349464,-0.241368799640557
2.6530612244898,242.557708580623,-0.227317434038787
2.6530612244898,248.566623819016,-0.281873906777607
2.6530612244898,249,-0.279906872455582
2.6530612244898,255.442291419377,-0.275080992365147
2.73469387755102,212.929618735937,-0.229474205711374
2.73469387755102,221.392039293302,-0.262035603635566
2.73469387755102,223.057708580623,-0.251664589525988
2.73469387755102,226.114355508728,-0.222657778025426
2.73469387755102,226.62834712241,-0.2195916047156
2.73469387755102,226.918848639674,-0.247243226807181
2.73469387755102,228.753372036693,-0.232234895122596
2.73469387755102,229.5,-0.256731184793878
2.73469387755102,229.923225798645,-0.258693273193238
2.73469387755102,231.971457970407,-0.267864769570158
2.73469387755102,232.178979442208,-0.30163841372567
2.73469387755102,232.429618735937,-0.230766333063377
2.73469387755102,232.432925068139,-0.291752794200239
2.73469387755102,232.463893728841,-0.223852107003012
2.73469387755102,232.532451883544,-0.205915108061813
2.73469387755102,232.55334418237,-0.209480006136464
2.73469387755102,232.556205555975,-0.23678626925968
2.73469387755102,232.581957918417,-0.251057484689791
2.73469387755102,232.673763296602,-0.237736946392202
2.73469387755102,232.986862188852,-0.240141881304107
2.73469387755102,233.641834963959,-0.230292868875544
2.73469387755102,233.753183141151,-0.259660102032343
2.73469387755102,235.05994871257,-0.235525854458069
2.73469387755102,237.9403888322,-0.235514131497292
2.73469387755102,238.230890349464,-0.250584755345851
2.73469387755102,242.557708580623,-0.235800461983668
2.73469387755102,248.566623819016,-0.293339581934248
2.73469387755102,249,-0.290787145795617
2.73469387755102,255.442291419377,-0.28586007802773
2.81632653061224,212.929618735937,-0.238040844193771
2.81632653061224,221.392039293302,-0.271246330952657
2.81632653061224,223.057708580623,-0.260035764359379
2.81632653061224,226.114355508728,-0.230267913150219
2.81632653061224,226.62834712241,-0.227131972860322
2.81632653061224,226.918848639674,-0.256329260267491
2.81632653061224,228.753372036693,-0.240395902770175
2.81632653061224,229.5,-0.265616117179904
2.81632653061224,229.923225798645,-0.268173960088333
2.81632653061224,231.971457970407,-0.277213413038225
2.81632653061224,232.178979442208,-0.311955553064199
2.81632653061224,232.429618735937,-0.238409667650978
2.81632653061224,232.432925068139,-0.302677240365606
2.81632653061224,232.463893728841,-0.231823033893318
2.81632653061224,232.532451883544,-0.213362365657858
2.81632653061224,232.55334418237,-0.216320109012797
2.81632653061224,232.556205555975,-0.244846396506497
2.81632653061224,232.581957918417,-0.259834601836407
2.81632653061224,232.673763296602,-0.246045549920194
2.81632653061224,232.986862188852,-0.249010297803615
2.81632653061224,233.641834963959,-0.238240852410574
2.81632653061224,233.753183141151,-0.268525229376476
2.81632653061224,235.05994871257,-0.243720221560929
2.81632653061224,237.9403888322,-0.243717891067447
2.81632653061224,238.230890349464,-0.259651484862713
2.81632653061224,242.557708580623,-0.244127006022005
2.81632653061224,248.566623819016,-0.304690584066654
2.81632653061224,249,-0.301495865162125
2.81632653061224,255.442291419377,-0.296479916151622
2.89795918367347,212.929618735937,-0.246502052248777
2.89795918367347,221.392039293302,-0.280249650715569
2.89795918367347,223.057708580623,-0.268162933864323
2.89795918367347,226.114355508728,-0.237695156114801
2.89795918367347,226.62834712241,-0.234495499389669
2.89795918367347,226.918848639674,-0.265273719796745
2.89795918367347,228.753372036693,-0.248384543093995
2.89795918367347,229.5,-0.27428637461737
2.89795918367347,229.923225798645,-0.277496246387721
2.89795918367347,231.971457970407,-0.286342025194406
2.89795918367347,232.178979442208,-0.321979933347971
2.89795918367347,232.429618735937,-0.245828666487673
2.89795918367347,232.432925068139,-0.313427168962988
2.89795918367347,232.463893728841,-0.239643865091998
2.89795918367347,232.532451883544,-0.220698780989322
2.89795918367347,232.55334418237,-0.222955952418283
2.89795918367347,232.556205555975,-0.252699080201405
2.89795918367347,232.581957918417,-0.268411896802325
2.89795918367347,232.673763296602,-0.254172343736447
2.89795918367347,232.986862188852,-0.25775163953064
2.89795918367347,233.641834963959,-0.245999203129057
2.89795918367347,233.753183141151,-0.277150528895014
2.89795918367347,235.05994871257,-0.251726434130108
2.89795918367347,237.9403888322,-0.251731694544136
2.89795918367347,238.230890349464,-0.268545862511774
2.89795918367347,242.557708580623,-0.252275021154928
2.89795918367347,248.566623819016,-0.315901237388898
2.89795918367347,249,-0.312005843787584
2.89795918367347,255.442291419377,-0.306914170074105
2.97959183673469,212.929618735937,-0.254839142399093
2.97959183673469,221.392039293302,-0.289021862198626
2.97959183673469,223.057708580623,-0.276022496188793
2.97959183673469,226.114355508728,-0.244919561387597
2.97959183673469,226.62834712241,-0.241662426814418
2.97959183673469,226.918848639674,-0.274055758305366
2.97959183673469,228.753372036693,-0.256179997470528
2.97959183673469,229.5,-0.282718487265048
2.97959183673469,229.923225798645,-0.28663772278519
2.97959183673469,231.971457970407,-0.295226222280686
2.97959183673469,232.178979442208,-0.331682614796524
2.97959183673469,232.429618735937,-0.253001702101422
2.97959183673469,232.432925068139,-0.323976911215597
2.97959183673469,232.463893728841,-0.247295213814428
2.97959183673469,232.532451883544,-0.227907164086771
2.97959183673469,232.55334418237,-0.229368068135447
2.97959183673469,232.556205555975,-0.260322385829742
2.97959183673469,232.581957918417,-0.276766786305956
2.97959183673469,232.673763296602,-0.26209614834736
2.97959183673469,232.986862188852,-0.266349106881251
2.97959183673469,233.641834963959,-0.253546788971892
2.97959183673469,233.753183141151,-0.285511464433045
2.97959183673469,235.05994871257,-0.259522939845964
2.97959183673469,237.9403888322,-0.259534000275964
2.97959183673469,238.230890349464,-0.277245465364149
2.97959183673469,242.557708580623,-0.260223144737139
2.97959183673469,248.566623819016,-0.326946469467622
2.97959183673469,249,-0.322290675401392
2.97959183673469,255.442291419377,-0.317137253032855
3.06122448979592,212.929618735937,-0.263033920822323
3.06122448979592,221.392039293302,-0.297540139106341
3.06122448979592,223.057708580623,-0.28359184065782
3.06122448979592,226.114355508728,-0.25192192955374
3.06122448979592,226.62834712241,-0.248613705521508
3.06122448979592,226.918848639674,-0.282655147122014
3.06122448979592,228.753372036693,-0.263762112217091
3.06122448979592,229.5,-0.290889869937506
3.06122448979592,229.923225798645,-0.295576660320017
3.06122448979592,231.971457970407,-0.303842533286651
3.06122448979592,232.178979442208,-0.34103588740475
3.06122448979592,232.429618735937,-0.259908107288384
3.06122448979592,232.432925068139,-0.334301572305629
3.06122448979592,232.463893728841,-0.254758318162507
3.06122448979592,232.532451883544,-0.23497080070434
3.06122448979592,232.55334418237,-0.235537938702011
3.06122448979592,232.556205555975,-0.267695192870656
3.06122448979592,232.581957918417,-0.284877538343118
3.06122448979592,232.673763296602,-0.269796533326699
3.06122448979592,232.986862188852,-0.274784313569462
3.06122448979592,233.641834963959,-0.260863233501114
3.06122448979592,233.753183141151,-0.293584468915533
3.06122448979592,235.05994871257,-0.267088974081515
3.06122448979592,237.9403888322,-0.267104029852011
3.06122448979592,238.230890349464,-0.285728632007777
3.06122448979592,242.557708580623,-0.267950755614136
3.06122448979592,248.566623819016,-0.337801871471655
3.06122448979592,249,-0.332324802680835
3.06122448979592,255.442291419377,-0.327124396113929
3.14285714285714,212.929618735937,-0.271068726282793
3.14285714285714,221.392039293302,-0.305782594052908
3.14285714285714,223.057708580623,-0.290849417532115
3.14285714285714,226.114355508728,-0.258683866202711
3.14285714285714,226.62834712241,-0.255331052241632
3.14285714285714,226.918848639674,-0.291052334237358
3.14285714285714,228.753372036693,-0.271111458484565
3.14285714285714,229.5,-0.298778888305709
3.14285714285714,229.923225798645,-0.304292068968096
3.14285714285714,231.971457970407,-0.31216846771975
3.14285714285714,232.178979442208,-0.350013344268272
3.14285714285714,232.429618735937,-0.266528236726559
3.14285714285714,232.432925068139,-0.344377093742778
3.14285714285714,232.463893728841,-0.262015096003771
3.14285714285714,232.532451883544,-0.241873515959599
3.14285714285714,232.55334418237,-0.241448038471813
3.14285714285714,232.556205555975,-0.274797260963866
3.14285714285714,232.581957918417,-0.292723336215681
3.14285714285714,232.673763296602,-0.277253877244702
3.14285714285714,232.986862188852,-0.283036695604956
3.14285714285714,233.641834963959,-0.267928979248982
3.14285714285714,233.753183141151,-0.301347017620218
3.14285714285714,235.05994871257,-0.274404628756967
3.14285714285714,237.9403888322,-0.27442183047767
3.14285714285714,238.230890349464,-0.293974515686831
3.14285714285714,242.557708580623,-0.275438028496149
3.14285714285714,248.566623819016,-0.348443755242515
3.14285714285714,249,-0.342083581010142
3.14285714285714,255.442291419377,-0.336851711744546
3.22448979591837,212.929618735937,-0.278926465250867
3.22448979591837,221.392039293302,-0.313728338118585
3.22448979591837,223.057708580623,-0.297774802624412
3.22448979591837,226.114355508728,-0.26518783661324
3.22448979591837,226.62834712241,-0.261797004571585
3.22448979591837,226.918848639674,-0.299228499201731
3.22448979591837,228.753372036693,-0.278209389645979
3.22448979591837,229.5,-0.306364920257602
3.22448979591837,229.923225798645,-0.312763752010248
3.22448979591837,231.971457970407,-0.320182578525828
3.22448979591837,232.178979442208,-0.358589948639571
3.22448979591837,232.429618735937,-0.272843523258347
3.22448979591837,232.432925068139,-0.354180311013642
3.22448979591837,232.463893728841,-0.269048196107624
3.22448979591837,232.532451883544,-0.248599727547902
3.22448979591837,232.55334418237,-0.247081870379926
3.22448979591837,232.556205555975,-0.281609291786047
3.22448979591837,232.581957918417,-0.300284337867267
3.22448979591837,232.673763296602,-0.284449423262018
3.22448979591837,232.986862188852,-0.291084029032911
3.22448979591837,233.641834963959,-0.274725346130213
3.22448979591837,233.753183141151,-0.308777695981006
3.22448979591837,235.05994871257,-0.28145091335339
3.22448979591837,237.9403888322,-0.281468333120183
3.22448979591837,238.230890349464,-0.301963131877544
3.22448979591837,242.557708580623,-0.282665983739331
3.22448979591837,248.566623819016,-0.358849206977786
3.22448979591837,249,-0.351543337514656
3.22448979591837,255.442291419377,-0.346296252713508
3.30612244897959,212.929618735937,-0.286590643600172
3.30612244897959,221.392039293302,-0.321357535557752
3.30612244897959,223.057708580623,-0.304348756869943
3.30612244897959,226.114355508728,-0.271417216261261
3.30612244897959,226.62834712241,-0.267994971571275
3.30612244897959,226.918848639674,-0.307165604545808
3.30612244897959,228.753372036693,-0.285038095960493
3.30612244897959,229.5,-0.313628412492603
3.30612244897959,229.923225798645,-0.32097235622645
3.30612244897959,231.971457970407,-0.327864520204533
3.30612244897959,232.178979442208,-0.366742094966801
3.30612244897959,232.429618735937,-0.278836528990581
3.30612244897959,232.432925068139,-0.36368900658559
3.30612244897959,232.463893728841,-0.275841045550526
3.30612244897959,232.532451883544,-0.255134490620337
3.30612244897959,232.55334418237,-0.252423998755546
3.30612244897959,232.556205555975,-0.2881129866381
3.30612244897959,232.581957918417,-0.307541730584617
3.30612244897959,232.673763296602,-0.291365330427583
3.30612244897959,232.986862188852,-0.298903812950237
3.30612244897959,233.641834963959,-0.281234585095052
3.30612244897959,233.753183141151,-0.315856262008721
3.30612244897959,235.05994871257,-0.288209808971405
3.30612244897959,237.9403888322,-0.288225406428387
3.30612244897959,238.230890349464,-0.309675400401077
3.30612244897959,242.557708580623,-0.289616532740308
3.30612244897959,248.566623819016,-0.368996137385232
3.30612244897959,249,-0.360681425397433
3.30612244897959,255.442291419377,-0.355436066748178
3.38775510204082,212.929618735937,-0.294045395258985
3.38775510204082,221.392039293302,-0.328651453759536
3.38775510204082,223.057708580623,-0.310553280970644
3.38775510204082,226.114355508728,-0.277356337201511
3.38775510204082,226.62834712241,-0.273909280480016
3.38775510204082,226.918848639674,-0.314846443635113
3.38775510204082,228.753372036693,-0.29158065634045
3.38775510204082,229.5,-0.320550932449269
3.38775510204082,229.923225798645,-0.328899417990809
3.38775510204082,231.971457970407,-0.335195102197284
3.38775510204082,232.178979442208,-0.374447664192311
3.38775510204082,232.429618735937,-0.284490991373302
3.38775510204082,232.432925068139,-0.372881958367521
3.38775510204082,232.463893728841,-0.282377893427132
3.38775510204082,232.532451883544,-0.261463535893683
3.38775510204082,232.55334418237,-0.257460078510555
3.38775510204082,232.556205555975,-0.294291099775897
3.38775510204082,232.581957918417,-0.314477781148459
3.38775510204082,232.673763296602,-0.297984720744736
3.38775510204082,232.986862188852,-0.306474742638596
3.38775510204082,233.641834963959,-0.287439927205595
3.38775510204082,233.753183141151,-0.322563703439457
3.38775510204082,235.05994871257,-0.294664316142904
3.38775510204082,237.9403888322,-0.294675906458987
3.38775510204082,238.230890349464,-0.317093182217598
3.38775510204082,242.557708580623,-0.296272519177303
3.38775510204082,248.566623819016,-0.378863328219627
3.38775510204082,249,-0.369476273653841
3.38775510204082,255.442291419377,-0.36425024671264
3.46938775510204,212.929618735937,-0.301275508175809
3.46938775510204,221.392039293302,-0.335592508580424
3.46938775510204,223.057708580623,-0.316371665248364
3.46938775510204,226.114355508728,-0.282990530391549
3.46938775510204,226.62834712241,-0.279525219614616
3.46938775510204,226.918848639674,-0.322254684901112
3.46938775510204,228.753372036693,-0.297821087085268
3.46938775510204,229.5,-0.327115215683315
3.46938775510204,229.923225798645,-0.336527405361442
3.46938775510204,231.971457970407,-0.342156337650095
3.46938775510204,232.178979442208,-0.381686073603815
3.46938775510204,232.429618735937,-0.28979186442516
3.46938775510204,232.432925068139,-0.381738983751137
3.46938775510204,232.463893728841,-0.288643850922776
3.46938775510204,232.532451883544,-0.267573302183815
3.46938775510204,232.55334418237,-0.262176881015698
3.46938775510204,232.556205555975,-0.300127487540101
3.46938775510204,232.581957918417,-0.321075881535727
3.46938775510204,232.673763296602,-0.3042917220884
3.46938775510204,232.986862188852,-0.313777623644666
3.46938775510204,233.641834963959,-0.293325628319749
3.46938775510204,233.753183141151,-0.328882289736179
3.46938775510204,235.05994871257,-0.300798496975672
3.46938775510204,237.9403888322,-0.300803722262708
3.46938775510204,238.230890349464,-0.324199311099937
3.46938775510204,242.557708580623,-0.302617756350932
3.46938775510204,248.566623819016,-0.388430475158102
3.46938775510204,249,-0.377907432277305
3.46938775510204,255.442291419377,-0.372718976518412
3.55102040816327,212.929618735937,-0.30826644794182
3.55102040816327,221.392039293302,-0.342164305181103
3.55102040816327,223.057708580623,-0.32178853485181
3.55102040816327,226.114355508728,-0.288306164039703
3.55102040816327,226.62834712241,-0.2848290775246
3.55102040816327,226.918848639674,-0.329374912416086
3.55102040816327,228.753372036693,-0.303744387471798
3.55102040816327,229.5,-0.333305208825212
3.55102040816327,229.923225798645,-0.343839756273311
3.55102040816327,231.971457970407,-0.348731487670355
3.55102040816327,232.178979442208,-0.388438321539304
3.55102040816327,232.429618735937,-0.294725355275313
3.55102040816327,232.432925068139,-0.390240979371635
3.55102040816327,232.463893728841,-0.294624927816557
3.55102040816327,232.532451883544,-0.273450964281603
3.55102040816327,232.55334418237,-0.266562316960121
3.55102040816327,232.556205555975,-0.305607153357037
3.55102040816327,232.581957918417,-0.327320590287364
3.55102040816327,232.673763296602,-0.310271507069164
3.55102040816327,232.986862188852,-0.320795589654101
3.55102040816327,233.641834963959,-0.298877009567551
3.55102040816327,233.753183141151,-0.334795619078585
3.55102040816327,235.05994871257,-0.306597512117045
3.55102040816327,237.9403888322,-0.306593817398739
3.55102040816327,238.230890349464,-0.330977620453534
3.55102040816327,242.557708580623,-0.308637060891823
3.55102040816327,248.566623819016,-0.397678227005301
3.55102040816327,249,-0.385955613098985
3.55102040816327,255.442291419377,-0.380823572858904
3.63265306122449,212.929618735937,-0.315004379393562
3.63265306122449,221.392039293302,-0.348351674507804
3.63265306122449,223.057708580623,-0.326789890466608
3.63265306122449,226.114355508728,-0.293290678067357
3.63265306122449,226.62834712241,-0.289808178488725
3.63265306122449,226.918848639674,-0.336192662796989
3.63265306122449,228.753372036693,-0.309336582106841
3.63265306122449,229.5,-0.339106108253861
3.63265306122449,229.923225798645,-0.350820912951876
3.63265306122449,231.971457970407,-0.354905101208208
3.63265306122449,232.178979442208,-0.394687027248521
3.63265306122449,232.429618735937,-0.299278956190178
3.63265306122449,232.432925068139,-0.398369956737133
3.63265306122449,232.463893728841,-0.300308065493895
3.63265306122449,232.532451883544,-0.279084456892509
3.63265306122449,232.55334418237,-0.27060545647302
3.63265306122449,232.556205555975,-0.310716288693777
3.63265306122449,232.581957918417,-0.333197669663743
3.63265306122449,232.673763296602,-0.315910327949156
3.63265306122449,232.986862188852,-0.327513862381446
3.63265306122449,233.641834963959,-0.304080493802814
3.63265306122449,233.753183141151,-0.340288660480709
3.63265306122449,235.05994871257,-0.312047652952978
3.63265306122449,237.9403888322,-0.312032267456224
3.63265306122449,238.230890349464,-0.337412965634927
3.63265306122449,242.557708580623,-0.314316283110784
3.63265306122449,248.566623819016,-0.406588221247545
3.63265306122449,249,-0.393602726426513
3.63265306122449,255.442291419377,-0.388546522892873
3.71428571428571,212.929618735937,-0.321476186499109
3.71428571428571,221.392039293302,-0.354140705562555
3.71428571428571,223.057708580623,-0.331363144678322
3.71428571428571,226.114355508728,-0.297932614781284
3.71428571428571,226.62834712241,-0.294450914442396
3.71428571428571,226.918848639674,-0.342694458436858
3.71428571428571,228.753372036693,-0.314584759955516
3.71428571428571,229.5,-0.344504394626002
3.71428571428571,229.923225798645,-0.357456352671705
3.71428571428571,231.971457970407,-0.360663050699361
3.71428571428571,232.178979442208,-0.400416466210394
3.71428571428571,232.429618735937,-0.303441472248883
3.71428571428571,232.432925068139,-0.406109073882613
3.71428571428571,232.463893728841,-0.305681166554426
3.71428571428571,232.532451883544,-0.284462495216945
3.71428571428571,232.55334418237,-0.274296546768393
3.71428571428571,232.556205555975,-0.315442310057385
3.71428571428571,232.581957918417,-0.338694118713898
3.71428571428571,232.673763296602,-0.321195547719792
3.71428571428571,232.986862188852,-0.333919355063178
3.71428571428571,233.641834963959,-0.308923638210271
3.71428571428571,233.753183141151,-0.345347791175997
3.71428571428571,235.05994871257,-0.317136369406283
3.71428571428571,237.9403888322,-0.317106293668488
3.71428571428571,238.230890349464,-0.343491242224431
3.71428571428571,242.557708580623,-0.319642334271107
3.71428571428571,248.566623819016,-0.415143115997547
3.71428571428571,249,-0.400831913663636
3.71428571428571,255.442291419377,-0.395871518011272
3.79591836734694,212.929618735937,-0.32766949080902
3.79591836734694,221.392039293302,-0.359518773607752
3.79591836734694,223.057708580623,-0.335497154135484
3.79591836734694,226.114355508728,-0.3022216458545
3.79591836734694,226.62834712241,-0.298746773428484
3.79591836734694,226.918848639674,-0.348867837071384
3.79591836734694,228.753372036693,-0.319477109958808
3.79591836734694,229.5,-0.34948786340148
3.79591836734694,229.923225798645,-0.363732614987752
3.79591836734694,231.971457970407,-0.365992563608648
3.79591836734694,232.178979442208,-0.405612601197771
3.79591836734694,232.429618735937,-0.307203044825454
3.79591836734694,232.432925068139,-0.413442663207344
3.79591836734694,232.463893728841,-0.310733121104985
3.79591836734694,232.532451883544,-0.289574592641979
3.79591836734694,232.55334418237,-0.27762702755539
3.79591836734694,232.556205555975,-0.319773892131355
3.79591836734694,232.581957918417,-0.343798202385769
3.79591836734694,232.673763296602,-0.326115667454342
3.79591836734694,232.986862188852,-0.340000311023623
3.79591836734694,233.641834963959,-0.313395163244012
3.79591836734694,233.753183141151,-0.349960829406815
3.79591836734694,235.05994871257,-0.321852293656791
3.79591836734694,237.9403888322,-0.32180429270921
3.79591836734694,238.230890349464,-0.349199400829106
3.79591836734694,242.557708580623,-0.324603211062288
3.79591836734694,248.566623819016,-0.423326618387997
3.79591836734694,249,-0.40762757610426
3.79591836734694,255.442291419377,-0.402783483827226
3.87755102040816,212.929618735937,-0.333572668730965
3.87755102040816,221.392039293302,-0.364474564448696
3.87755102040816,223.057708580623,-0.339182247654052
3.87755102040816,226.114355508728,-0.306148595714475
3.87755102040816,226.62834712241,-0.302686364664596
3.87755102040816,226.918848639674,-0.354701377694189
3.87755102040816,228.753372036693,-0.324002953146105
3.87755102040816,229.5,-0.35404565150146
3.87755102040816,229.923225798645,-0.3696373255682
3.87755102040816,231.971457970407,-0.370882250012582
3.87755102040816,232.178979442208,-0.410263109369086
3.87755102040816,232.429618735937,-0.310555171028823
3.87755102040816,232.432925068139,-0.420356255655159
3.87755102040816,232.463893728841,-0.315453829829971
3.87755102040816,232.532451883544,-0.294411075935456
3.87755102040816,232.55334418237,-0.280589544437369
3.87755102040816,232.556205555975,-0.323700997142535
3.87755102040816,232.581957918417,-0.348499476803073
3.87755102040816,232.673763296602,-0.330660350048413
3.87755102040816,232.986862188852,-0.345746046999781
3.87755102040816,233.641834963959,-0.317484978067622
3.87755102040816,233.753183141151,-0.354117062749722
3.87755102040816,235.05994871257,-0.326185260073638
3.87755102040816,237.9403888322,-0.326115862760752
3.87755102040816,238.230890349464,-0.354525459125696
3.87755102040816,242.557708580623,-0.329188017549877
3.87755102040816,248.566623819016,-0.431123509485507
3.87755102040816,249,-0.413975400102118
3.87755102040816,255.442291419377,-0.409268606530664
3.95918367346939,212.929618735937,-0.339174867863411
3.95918367346939,221.392039293302,-0.368998094933791
3.95918367346939,223.057708580623,-0.3424102503966
3.95918367346939,226.114355508728,-0.309705461436318
3.95918367346939,226.62834712241,-0.306261440318785
3.95918367346939,226.918848639674,-0.36018472283781
3.95918367346939,228.753372036693,-0.328152771133434
3.95918367346939,229.5,-0.358168260232212
3.95918367346939,229.923225798645,-0.375159216757144
3.95918367346939,231.971457970407,-0.375322126355359
3.95918367346939,232.178979442208,-0.414357405651779
3.95918367346939,232.429618735937,-0.313490719245214
3.95918367346939,232.432925068139,-0.426836601395175
3.95918367346939,232.463893728841,-0.319834223931581
3.95918367346939,232.532451883544,-0.298963098273372
3.95918367346939,232.55334418237,-0.283177960503058
3.95918367346939,232.556205555975,-0.327214900549498
3.95918367346939,232.581957918417,-0.352788810830784
3.95918367346939,232.673763296602,-0.334820440459858
3.95918367346939,232.986862188852,-0.351146800041253
3.95918367346939,233.641834963959,-0.321184202659873
3.95918367346939,233.753183141151,-0.357807272099983
3.95918367346939,235.05994871257,-0.330126321623254
3.95918367346939,237.9403888322,-0.330031825943891
3.95918367346939,238.230890349464,-0.359458511991664
3.95918367346939,242.557708580623,-0.333386984868356
3.95918367346939,248.566623819016,-0.438519665805829
3.95918367346939,249,-0.419862378821086
3.95918367346939,255.442291419377,-0.415314355748279
4.04081632653061,212.929618735937,-0.344466022599796
4.04081632653061,221.392039293302,-0.373080729806255
4.04081632653061,223.057708580623,-0.345174504249612
4.04081632653061,226.114355508728,-0.312885429235364
4.04081632653061,226.62834712241,-0.30946491408279
4.04081632653061,226.918848639674,-0.36530859723837
4.04081632653061,228.753372036693,-0.331918230875788
4.04081632653061,229.5,-0.361847574600024
4.04081632653061,229.923225798645,-0.380288144992911
4.04081632653061,231.971457970407,-0.379303635506511
4.04081632653061,232.178979442208,-0.417886662664595
4.04081632653061,232.429618735937,-0.316003940922489
4.04081632653061,232.432925068139,-0.432871687156649
4.04081632653061,232.463893728841,-0.323866282031536
4.04081632653061,232.532451883544,-0.303222650384225
4.04081632653061,232.55334418237,-0.285387366292719
4.04081632653061,232.556205555975,-0.330308213138908
4.04081632653061,232.581957918417,-0.356658404045712
4.04081632653061,232.673763296602,-0.338587982556396
4.04081632653061,232.986862188852,-0.356193651609027
4.04081632653061,233.641834963959,-0.324485186742441
4.04081632653061,233.753183141151,-0.361023751429393
4.04081632653061,235.05994871257,-0.333667762993894
4.04081632653061,237.9403888322,-0.333544247195292
4.04081632653061,238.230890349464,-0.363988740704706
4.04081632653061,242.557708580623,-0.337191488912398
4.04081632653061,248.566623819016,-0.445502077518279
4.04081632653061,249,-0.42527683077232
4.04081632653061,255.442291419377,-0.420909504046084
4.12244897959184,212.929618735937,-0.349436869190515
4.12244897959184,221.392039293302,-0.376715195033741
4.12244897959184,223.057708580623,-0.347469884510384
4.12244897959184,226.114355508728,-0.315682887649558
4.12244897959184,226.62834712241,-0.312290876627906
4.12244897959184,226.918848639674,-0.370064822901882
4.12244897959184,228.753372036693,-0.335292205511897
4.12244897959184,229.5,-0.365076879134565
4.12244897959184,229.923225798645,-0.38501510520433
4.12244897959184,231.971457970407,-0.382819663240327
4.12244897959184,232.178979442208,-0.420843827406183
4.12244897959184,232.429618735937,-0.31809047873379
4.12244897959184,232.432925068139,-0.438450750366298
4.12244897959184,232.463893728841,-0.327543044123814
4.12244897959184,232.532451883544,-0.307182570057163
4.12244897959184,232.55334418237,-0.287214088301692
4.12244897959184,232.556205555975,-0.332974899610298
4.12244897959184,232.581957918417,-0.360101801221557
4.12244897959184,232.673763296602,-0.341956232674615
4.12244897959184,232.986862188852,-0.360878501201549
4.12244897959184,233.641834963959,-0.327381525677622
4.12244897959184,233.753183141151,-0.363760323420271
4.12244897959184,235.05994871257,-0.336803110657864
4.12244897959184,237.9403888322,-0.336646449674647
4.12244897959184,238.230890349464,-0.368107422300887
4.12244897959184,242.557708580623,-0.34059406626768
4.12244897959184,248.566623819016,-0.452058863432207
4.12244897959184,249,-0.430208415342582
4.12244897959184,255.442291419377,-0.426044143206602
4.20408163265306,212.929618735937,-0.354078960425751
4.20408163265306,221.392039293302,-0.379895587733561
4.20408163265306,223.057708580623,-0.349292812982115
4.20408163265306,226.114355508728,-0.318093437496614
4.20408163265306,226.62834712241,-0.314734608023526
4.20408163265306,226.918848639674,-0.374446330588275
4.20408163265306,228.753372036693,-0.338268791101931
4.20408163265306,229.5,-0.367850870328178
4.20408163265306,229.923225798645,-0.389332242302113
4.20408163265306,231.971457970407,-0.385864551247191
4.20408163265306,232.178979442208,-0.423223634915657
4.20408163265306,232.429618735937,-0.319747371260183
4.20408163265306,232.432925068139,-0.443564290229525
4.20408163265306,232.463893728841,-0.330858622664639
4.20408163265306,232.532451883544,-0.310836550230182
4.20408163265306,232.55334418237,-0.288655696162725
4.20408163265306,232.556205555975,-0.335210293722245
4.20408163265306,232.581957918417,-0.363113903429595
4.20408163265306,232.673763296602,-0.344919669988259
4.20408163265306,232.986862188852,-0.365194068589725
4.20408163265306,233.641834963959,-0.329868073475025
4.20408163265306,233.753183141151,-0.366012351066726
4.20408163265306,235.05994871257,-0.339527140074818
4.20408163265306,237.9403888322,-0.339333026777987
4.20408163265306,238.230890349464,-0.371806940249605
4.20408163265306,242.557708580623,-0.3435884286051
4.20408163265306,248.566623819016,-0.458179282861786
4.20408163265306,249,-0.434648145514026
4.20408163265306,255.442291419377,-0.430709697405605
4.28571428571429,212.929618735937,-0.358384680078345
4.28571428571429,221.392039293302,-0.382617382801386
4.28571428571429,223.057708580623,-0.350641267561397
4.28571428571429,226.114355508728,-0.320113898684816
4.28571428571429,226.62834712241,-0.316792587192286
4.28571428571429,226.918848639674,-0.378447167726884
4.28571428571429,228.753372036693,-0.340843319011582
4.28571428571429,229.5,-0.370165665787858
4.28571428571429,229.923225798645,-0.393232859876875
4.28571428571429,231.971457970407,-0.388434106776065
4.28571428571429,232.178979442208,-0.425022619087537
4.28571428571429,232.429618735937,-0.320973054340857
4.28571428571429,232.432925068139,-0.448204075889044
4.28571428571429,232.463893728841,-0.333808210881995
4.28571428571429,232.532451883544,-0.314179145849417
4.28571428571429,232.55334418237,-0.289711008627791
4.28571428571429,232.556205555975,-0.337011110064086
4.28571428571429,232.581957918417,-0.365690975846932
4.28571428571429,232.673763296602,-0.347474003777097
4.28571428571429,232.986862188852,-0.369133911085172
4.28571428571429,233.641834963959,-0.331940953036264
4.28571428571429,233.753183141151,-0.3677767453212
4.28571428571429,235.05994871257,-0.341835880223066
4.28571428571429,237.9403888322,-0.341599850827115
4.28571428571429,238.230890349464,-0.37508079761035
4.28571428571429,242.557708580623,-0.346169475743022
4.28571428571429,248.566623819016,-0.46385374446804
4.28571428571429,249,-0.438588397969813
4.28571428571429,255.442291419377,-0.434898933405003
4.36734693877551,212.929618735937,-0.362347257222403
4.36734693877551,221.392039293302,-0.38487743634074
4.36734693877551,223.057708580623,-0.3515147883873
4.36734693877551,226.114355508728,-0.321742313949509
4.36734693877551,226.62834712241,-0.318462498468937
4.36734693877551,226.918848639674,-0.382062502774185
4.36734693877551,228.753372036693,-0.343012363639722
4.36734693877551,229.5,-0.372018810184895
4.36734693877551,229.923225798645,-0.396711426208578
4.36734693877551,231.971457970407,-0.390525608994894
4.36734693877551,232.178979442208,-0.426239120799076
4.36734693877551,232.429618735937,-0.321767359256795
4.36734693877551,232.432925068139,-0.452363151785467
4.36734693877551,232.463893728841,-0.336388088382285
4.36734693877551,232.532451883544,-0.317205779668623
4.36734693877551,232.55334418237,-0.290380098449078
4.36734693877551,232.556205555975,-0.338375452507959
4.36734693877551,232.581957918417,-0.367830652353967
4.36734693877551,232.673763296602,-0.349616177680279
4.36734693877551,232.986862188852,-0.372692447842462
4.36734693877551,233.641834963959,-0.333597563756276
4.36734693877551,233.753183141151,-0.369051968851181
4.36734693877551,235.05994871257,-0.343726615630342
4.36734693877551,237.9403888322,-0.343444078497804
4.36734693877551,238.230890349464,-0.377923633760996
4.36734693877551,242.557708580623,-0.348333307560386
4.36734693877551,248.566623819016,-0.469073812179188
4.36734693877551,249,-0.442022920771854
4.36734693877551,255.442291419377,-0.438605967868822
4.44897959183673,212.929618735937,-0.365960780520537
4.44897959183673,221.392039293302,-0.386673985979378
4.44897959183673,223.057708580623,-0.351914480605542
4.44897959183673,226.114355508728,-0.32297794957993
4.44897959183673,226.62834712241,-0.319743235322982
4.44897959183673,226.918848639674,-0.385288626021125
4.44897959183673,228.753372036693,-0.344773745119169
4.44897959183673,229.5,-0.373409278074879
4.44897959183673,229.923225798645,-0.399763577684824
4.44897959183673,231.971457970407,-0.392137812143029
4.44897959183673,232.178979442208,-0.426873293482267
4.44897959183673,232.429618735937,-0.322131507942682
4.44897959183673,232.432925068139,-0.456035840334834
4.44897959183673,232.463893728841,-0.338595624126396
4.44897959183673,232.532451883544,-0.319912747138739
4.44897959183673,232.55334418237,-0.290664296238426
4.44897959183673,232.556205555975,-0.339302819385617
4.44897959183673,232.581957918417,-0.369531936992254
4.44897959183673,232.673763296602,-0.351344371010153
4.44897959183673,232.986862188852,-0.375864986832306
4.44897959183673,233.641834963959,-0.334836586589045
4.44897959183673,233.753183141151,-0.369838035957464
4.44897959183673,235.05994871257,-0.345197886060918
4.44897959183673,237.9403888322,-0.344864153041838
4.44897959183673,238.230890349464,-0.380331245616947
4.44897959183673,242.557708580623,-0.350077234920465
4.44897959183673,248.566623819016,-0.473832208292541
4.44897959183673,249,-0.444946838787624
4.44897959183673,255.442291419377,-0.441826271898821
4.53061224489796,212.929618735937,-0.369220212550787
4.53061224489796,221.392039293302,-0.388006648146977
4.53061224489796,223.057708580623,-0.351843013785116
4.53061224489796,226.114355508728,-0.3238212931935
4.53061224489796,226.62834712241,-0.32063490129705
4.53061224489796,226.918848639674,-0.388122946854288
4.53061224489796,228.753372036693,-0.346126526539934
4.53061224489796,229.5,-0.374337473647939
4.53061224489796,229.923225798645,-0.402386119717701
4.53061224489796,231.971457970407,-0.393270945536075
4.53061224489796,232.178979442208,-0.426927106246839
4.53061224489796,232.429618735937,-0.322068105464529
4.53061224489796,232.432925068139,-0.459217742027717
4.53061224489796,232.463893728841,-0.340429276841863
4.53061224489796,232.532451883544,-0.322297220519923
4.53061224489796,232.55334418237,-0.290566193363996
4.53061224489796,232.556205555975,-0.339794105423917
4.53061224489796,232.581957918417,-0.370795202342717
4.53061224489796,232.673763296602,-0.352657997194183
4.53061224489796,232.986862188852,-0.37864775228998
4.53061224489796,233.641834963959,-0.335657986674032
4.53061224489796,233.753183141151,-0.370136508691811
4.53061224489796,235.05994871257,-0.346249484001405
4.53061224489796,237.9403888322,-0.345859803349664
4.53061224489796,238.230890349464,-0.382300613987878
4.53061224489796,242.557708580623,-0.351399789740328
4.53061224489796,248.566623819016,-0.478122813864203
4.53061224489796,249,-0.447356657032021
4.53061224489796,255.442291419377,-0.444556672875014
4.61224489795918,212.929618735937,-0.372121404223335
4.61224489795918,221.392039293302,-0.388876412376805
4.61224489795918,223.057708580623,-0.351304618008571
4.61224489795918,226.114355508728,-0.32427404860681
4.61224489795918,226.62834712241,-0.32113880820533
4.61224489795918,226.918848639674,-0.390563987472015
4.61224489795918,228.753372036693,-0.347071005149643
4.61224489795918,229.5,-0.374805227456076
4.61224489795918,229.923225798645,-0.404577025240614
4.61224489795918,231.971457970407,-0.393926710469769
4.61224489795918,232.178979442208,-0.426404344633546
4.61224489795918,232.429618735937,-0.321581130060721
4.61224489795918,232.432925068139,-0.461905733044031
4.61224489795918,232.463893728841,-0.341888592931843
4.61224489795918,232.532451883544,-0.32435725233268
4.61224489795918,232.55334418237,-0.290089643923228
4.61224489795918,232.556205555975,-0.339851600462097
4.61224489795918,232.581957918417,-0.37162218487294
4.61224489795918,232.673763296602,-0.353557699404129
4.61224489795918,232.986862188852,-0.381037911652189
4.61224489795918,233.641834963959,-0.33606301360823
4.61224489795918,233.753183141151,-0.369950489198967
4.61224489795918,235.05994871257,-0.346882450074043
4.61224489795918,237.9403888322,-0.346432039892417
4.61224489795918,238.230890349464,-0.383829935351328
4.61224489795918,242.557708580623,-0.352300734315478
4.61224489795918,248.566623819016,-0.481940666496481
4.61224489795918,249,-0.449250262078128
4.61224489795918,255.442291419377,-0.446795353674817
4.69387755102041,212.929618735937,-0.374661109317226
4.69387755102041,221.392039293302,-0.389285632682153
4.69387755102041,223.057708580623,-0.35030507664086
4.69387755102041,226.114355508728,-0.324339127844621
4.69387755102041,226.62834712241,-0.321257471628025
4.69387755102041,226.918848639674,-0.39261137305422
4.69387755102041,228.753372036693,-0.347608696873766
4.69387755102041,229.5,-0.37481579015141
4.69387755102041,229.923225798645,-0.406335430858165
4.69387755102041,231.971457970407,-0.394108274055727
4.69387755102041,232.178979442208,-0.425310609050097
4.69387755102041,232.429618735937,-0.320675921124928
4.69387755102041,232.432925068139,-0.464097960466748
4.69387755102041,232.463893728841,-0.342974201935409
4.69387755102041,232.532451883544,-0.326091778249492
4.69387755102041,232.55334418237,-0.28923976581146
4.69387755102041,232.556205555975,-0.339478984963136
4.69387755102041,232.581957918417,-0.372015977291023
4.69387755102041,232.673763296602,-0.354045343422923
4.69387755102041,232.986862188852,-0.383033601628527
4.69387755102041,233.641834963959,-0.336054199436834
4.69387755102041,233.753183141151,-0.369284608295239
4.69387755102041,235.05994871257,-0.347099066492537
4.69387755102041,237.9403888322,-0.346583147573816
4.69387755102041,238.230890349464,-0.384918658880136
4.69387755102041,242.557708580623,-0.352781069982967
4.69387755102041,248.566623819016,-0.485281955638407
4.69387755102041,249,-0.450626921677312
4.69387755102041,255.442291419377,-0.44854184933237
4.77551020408163,212.929618735937,-0.376836999148767
4.77551020408163,221.392039293302,-0.389238016046594
4.77551020408163,223.057708580623,-0.348851715765914
4.77551020408163,226.114355508728,-0.324020640320716
4.77551020408163,226.62834712241,-0.320994603729841
4.77551020408163,226.918848639674,-0.394265818382774
4.77551020408163,228.753372036693,-0.347742313366026
4.77551020408163,229.5,-0.374373823256113
4.77551020408163,229.923225798645,-0.407661630713538
4.77551020408163,231.971457970407,-0.393820260007972
4.77551020408163,232.178979442208,-0.423653310914824
4.77551020408163,232.429618735937,-0.31935916561376
4.77551020408163,232.432925068139,-0.465793835166702
4.77551020408163,232.463893728841,-0.343687809587616
4.77551020408163,232.532451883544,-0.327500619514523
4.77551020408163,232.55334418237,-0.288022940886851
4.77551020408163,232.556205555975,-0.338681322320889
4.77551020408163,232.581957918417,-0.371981017932203
4.77551020408163,232.673763296602,-0.354124007791261
4.77551020408163,232.986862188852,-0.384633953359951
4.77551020408163,233.641834963959,-0.335635354423792
4.77551020408163,233.753183141151,-0.368145010284461
4.77551020408163,235.05994871257,-0.346902848662409
4.77551020408163,237.9403888322,-0.346316675514468
4.77551020408163,238.230890349464,-0.385567528079731
4.77551020408163,242.557708580623,-0.352843045179533
4.77551020408163,248.566623819016,-0.48814401552189
4.77551020408163,249,-0.451487282714834
4.77551020408163,255.442291419377,-0.449797041187548
4.85714285714286,212.929618735937,-0.378647677365733
4.85714285714286,221.392039293302,-0.388738608055811
4.85714285714286,223.057708580623,-0.34695339026471
4.85714285714286,226.114355508728,-0.323323879216759
4.85714285714286,226.62834712241,-0.320355103422525
4.85714285714286,226.918848639674,-0.395529110908784
4.85714285714286,228.753372036693,-0.347475730643177
4.85714285714286,229.5,-0.373485386972301
4.85714285714286,229.923225798645,-0.40855706812936
4.85714285714286,231.971457970407,-0.393068736385781
4.85714285714286,232.178979442208,-0.421441666506126
4.85714285714286,232.429618735937,-0.317638883493588
4.85714285714286,232.432925068139,-0.466994022419869
4.85714285714286,232.463893728841,-0.344032188521534
4.85714285714286,232.532451883544,-0.328584484965286
4.85714285714286,232.55334418237,-0.286446814213862
4.85714285714286,232.556205555975,-0.337465047954588
4.85714285714286,232.581957918417,-0.371523077193885
4.85714285714286,232.673763296602,-0.353797971267526
4.85714285714286,232.986862188852,-0.385839116746004
4.85714285714286,233.641834963959,-0.33481156065165
4.85714285714286,233.753183141151,-0.366539334001338
4.85714285714286,235.05994871257,-0.346298535015081
4.85714285714286,237.9403888322,-0.345637423783787
4.85714285714286,238.230890349464,-0.38577862591803
4.85714285714286,242.557708580623,-0.352490162925006
4.85714285714286,248.566623819016,-0.490525315865832
4.85714285714286,249,-0.451833367611991
4.85714285714286,255.442291419377,-0.450563148561999
4.93877551020408,212.929618735937,-0.380092694845279
4.93877551020408,221.392039293302,-0.387793775687832
4.93877551020408,223.057708580623,-0.344620466493987
4.93877551020408,226.114355508728,-0.322255305078569
4.93877551020408,226.62834712241,-0.319345043883905
4.93877551020408,226.918848639674,-0.396404090263374
4.93877551020408,228.753372036693,-0.346813948173438
4.93877551020408,229.5,-0.372157925027897
4.93877551020408,229.923225798645,-0.409024325069476
4.93877551020408,231.971457970407,-0.391861200285496
4.93877551020408,232.178979442208,-0.418686688488867
4.93877551020408,232.429618735937,-0.315524413000697
4.93877551020408,232.432925068139,-0.467700430307499
4.93877551020408,232.463893728841,-0.344011166648565
4.93877551020408,232.532451883544,-0.329344972717447
4.93877551020408,232.55334418237,-0.284520292349876
4.93877551020408,232.556205555975,-0.335837955172759
4.93877551020408,232.581957918417,-0.370649241024195
4.93877551020408,232.673763296602,-0.35307269762672
4.93877551020408,232.986862188852,-0.386650284060057
4.93877551020408,233.641834963959,-0.333589163488549
4.93877551020408,233.753183141151,-0.364476690063059
4.93877551020408,235.05994871257,-0.345292075152166
4.93877551020408,237.9403888322,-0.344551427087573
4.93877551020408,238.230890349464,-0.385555421918768
4.93877551020408,242.557708580623,-0.351727187734742
4.93877551020408,248.566623819016,-0.492425450492859
4.93877551020408,249,-0.451668569269536
4.93877551020408,255.442291419377,-0.450843717987616
5.02040816326531,212.929618735937,-0.381172564658452
5.02040816326531,221.392039293302,-0.386411187268299
5.02040816326531,223.057708580623,-0.341864801511245
5.02040816326531,226.114355508728,-0.320822526642631
5.02040816326531,226.62834712241,-0.317971657438582
5.02040816326531,226.918848639674,-0.396894624210576
5.02040816326531,228.753372036693,-0.345763037069378
5.02040816326531,229.5,-0.370400246543183
5.02040816326531,229.923225798645,-0.409067109461038
5.02040816326531,231.971457970407,-0.390206559461763
5.02040816326531,232.178979442208,-0.41540117506269
5.02040816326531,232.429618735937,-0.31302639667819
5.02040816326531,232.432925068139,-0.467916195939326
5.02040816326531,232.463893728841,-0.343629613247583
5.02040816326531,232.532451883544,-0.32978457156136
5.02040816326531,232.55334418237,-0.282253540622714
5.02040816326531,232.556205555975,-0.333809177779702
5.02040816326531,232.581957918417,-0.369367891459759
5.02040816326531,232.673763296602,-0.351954817816631
5.02040816326531,232.986862188852,-0.387069712965635
5.02040816326531,233.641834963959,-0.331975760948825
5.02040816326531,233.753183141151,-0.361967634302336
5.02040816326531,235.05994871257,-0.343890616364641
5.02040816326531,237.9403888322,-0.343065935413223
5.02040816326531,238.230890349464,-0.384902819388985
5.02040816326531,242.557708580623,-0.350560151939475
5.02040816326531,248.566623819016,-0.493845124019246
5.02040816326531,249,-0.450997644630646
5.02040816326531,255.442291419377,-0.450643610001165
5.10204081632653,212.929618735937,-0.381888777050236
5.10204081632653,221.392039293302,-0.384599789588117
5.10204081632653,223.057708580623,-0.338699718779206
5.10204081632653,226.114355508728,-0.319034278899987
5.10204081632653,226.62834712241,-0.316243317798957
5.10204081632653,226.918848639674,-0.397005581044506
5.10204081632653,228.753372036693,-0.344330075777007
5.10204081632653,229.5,-0.368222504892032
5.10204081632653,229.923225798645,-0.408690240408189
5.10204081632653,231.971457970407,-0.388115110847378
5.10204081632653,232.178979442208,-0.411599696651532
5.10204081632653,232.429618735937,-0.310156769369003
5.10204081632653,232.432925068139,-0.467645669529655
5.10204081632653,232.463893728841,-0.342893422788252
5.10204081632653,232.532451883544,-0.329906662106905
5.10204081632653,232.55334418237,-0.279657979330639
5.10204081632653,232.556205555975,-0.331389169390297
5.10204081632653,232.581957918417,-0.36768868419959
5.10204081632653,232.673763296602,-0.35045210948264
5.10204081632653,232.986862188852,-0.387100749021052
5.10204081632653,233.641834963959,-0.329980190962614
5.10204081632653,233.753183141151,-0.359024137349096
5.10204081632653,235.05994871257,-0.342102488579712
5.10204081632653,237.9403888322,-0.341189391629251
5.10204081632653,238.230890349464,-0.383827200803803
5.10204081632653,242.557708580623,-0.348996361366025
5.10204081632653,248.566623819016,-0.494786136797667
5.10204081632653,249,-0.449826706924337
5.10204081632653,255.442291419377,-0.449968983507791
5.18367346938775,212.929618735937,-0.382243814371275
5.18367346938775,221.392039293302,-0.382369782172239
5.18367346938775,223.057708580623,-0.335139980272047
5.18367346938775,226.114355508728,-0.316900398399799
5.18367346938775,226.62834712241,-0.31416951965908
5.18367346938775,226.918848639674,-0.396742798438211
5.18367346938775,228.753372036693,-0.342523071346843
5.18367346938775,229.5,-0.365636173522454
5.18367346938775,229.923225798645,-0.407899631321402
5.18367346938775,231.971457970407,-0.38559851593083
5.18367346938775,232.178979442208,-0.407298580029023
5.18367346938775,232.429618735937,-0.306928749581445
5.18367346938775,232.432925068139,-0.466894396346917
5.18367346938775,232.463893728841,-0.341809496508803
5.18367346938775,232.532451883544,-0.329715517701597
5.18367346938775,232.55334418237,-0.276746278781141
5.18367346938775,232.556205555975,-0.328589679411938
5.18367346938775,232.581957918417,-0.36562252319422
5.18367346938775,232.673763296602,-0.348573473866408
5.18367346938775,232.986862188852,-0.386747847727377
5.18367346938775,233.641834963959,-0.32761251655946
5.18367346938775,233.753183141151,-0.35565955032428
5.18367346938775,235.05994871257,-0.339937187777118
5.18367346938775,237.9403888322,-0.338931406031442
5.18367346938775,238.230890349464,-0.382336469398105
5.18367346938775,242.557708580623,-0.347044400308892
5.18367346938775,248.566623819016,-0.495251368316106
5.18367346938775,249,-0.448163216632319
5.18367346938775,255.442291419377,-0.448827277705462
5.26530612244898,212.929618735937,-0.382241165885615
5.26530612244898,221.392039293302,-0.379732588681351
5.26530612244898,223.057708580623,-0.331201754896458
5.26530612244898,226.114355508728,-0.314431795790846
5.26530612244898,226.62834712241,-0.311760855628944
5.26530612244898,226.918848639674,-0.396113048759105
5.26530612244898,228.753372036693,-0.340350864011395
5.26530612244898,229.5,-0.36265401869257
5.26530612244898,229.923225798645,-0.406702270979454
5.26530612244898,231.971457970407,-0.38266977294187
5.26530612244898,232.178979442208,-0.402515889750866
5.26530612244898,232.429618735937,-0.303356835890916
5.26530612244898,232.432925068139,-0.465669096548175
5.26530612244898,232.463893728841,-0.340385721764475
5.26530612244898,232.532451883544,-0.329216305135501
5.26530612244898,232.55334418237,-0.273532353070557
5.26530612244898,232.556205555975,-0.325423725647558
5.26530612244898,232.581957918417,-0.363181532222669
5.26530612244898,232.673763296602,-0.346328910078636
5.26530612244898,232.986862188852,-0.386016596142343
5.26530612244898,233.641834963959,-0.324884008960876
5.26530612244898,233.753183141151,-0.351888566607357
5.26530612244898,235.05994871257,-0.33740535790597
5.26530612244898,237.9403888322,-0.336302727825065
5.26530612244898,238.230890349464,-0.380440085214807
5.26530612244898,242.557708580623,-0.344714135700146
5.26530612244898,248.566623819016,-0.495244759283499
5.26530612244898,249,-0.446015971204356
5.26530612244898,255.442291419377,-0.447227191552764
5.3469387755102,212.929618735937,-0.381885342367988
5.3469387755102,221.392039293302,-0.376700825421931
5.3469387755102,223.057708580623,-0.326902583133204
5.3469387755102,226.114355508728,-0.311640425596427
5.3469387755102,226.62834712241,-0.309028990492454
5.3469387755102,226.918848639674,-0.395124000875359
5.3469387755102,228.753372036693,-0.337823012368843
5.3469387755102,229.5,-0.359290069071353
5.3469387755102,229.923225798645,-0.405106202534796
5.3469387755102,231.971457970407,-0.379343185787975
5.3469387755102,232.178979442208,-0.39727140674325
5.3469387755102,232.429618735937,-0.299456810280259
5.3469387755102,232.432925068139,-0.463977642902009
5.3469387755102,232.463893728841,-0.338630949159004
5.3469387755102,232.532451883544,-0.328415085135532
5.3469387755102,232.55334418237,-0.27003135249311
5.3469387755102,232.556205555975,-0.321905563469961
5.3469387755102,232.581957918417,-0.360379023424617
5.3469387755102,232.673763296602,-0.343729486741716
5.3469387755102,232.986862188852,-0.384913734052069
5.3469387755102,233.641834963959,-0.321807128567571
5.3469387755102,233.753183141151,-0.347727179640217
5.3469387755102,235.05994871257,-0.3345187713233
5.3469387755102,237.9403888322,-0.333315213530645
5.3469387755102,238.230890349464,-0.378149094208154
5.3469387755102,242.557708580623,-0.342016720364432
5.3469387755102,248.566623819016,-0.494771292664984
5.3469387755102,249,-0.4433950935287
5.3469387755102,255.442291419377,-0.445178660753628
5.42857142857143,212.929618735937,-0.381181890394145
5.42857142857143,221.392039293302,-0.373288266935914
5.42857142857143,223.057708580623,-0.322261337799738
5.42857142857143,226.114355508728,-0.308539253216374
5.42857142857143,226.62834712241,-0.305986632769276
5.42857142857143,226.918848639674,-0.393784178489529
5.42857142857143,228.753372036693,-0.334949655977354
5.42857142857143,229.5,-0.355559582148087
5.42857142857143,229.923225798645,-0.403120500467405
5.42857142857143,231.971457970407,-0.375634329679117
5.42857142857143,232.178979442208,-0.391586603875728
5.42857142857143,232.429618735937,-0.295245750526251
5.42857142857143,232.432925068139,-0.46182903639595
5.42857142857143,232.463893728841,-0.336554967468776
5.42857142857143,232.532451883544,-0.327318812641068
5.42857142857143,232.55334418237,-0.266259654455745
5.42857142857143,232.556205555975,-0.318050651515786
5.42857142857143,232.581957918417,-0.357229462751353
5.42857142857143,232.673763296602,-0.340787310995083
5.42857142857143,232.986862188852,-0.38344717466521
5.42857142857143,233.641834963959,-0.318395503818715
5.42857142857143,233.753183141151,-0.343192636733215
5.42857142857143,235.05994871257,-0.33129030776603
5.42857142857143,237.9403888322,-0.329981792300785
5.42857142857143,238.230890349464,-0.375476149454462
5.42857142857143,242.557708580623,-0.338964595226499
5.42857142857143,248.566623819016,-0.493836973966081
5.42857142857143,249,-0.440312019145647
5.42857142857143,255.442291419377,-0.442692832224732
5.51020408163265,212.929618735937,-0.380137406218401
5.51020408163265,221.392039293302,-0.369509808637925
5.51020408163265,223.057708580623,-0.317298180831597
5.51020408163265,226.114355508728,-0.305142219149533
5.51020408163265,226.62834712241,-0.302647503558713
5.51020408163265,226.918848639674,-0.392102915050025
5.51020408163265,228.753372036693,-0.331741351593588
5.51020408163265,229.5,-0.351479007390705
5.51020408163265,229.923225798645,-0.400755245487574
5.51020408163265,231.971457970407,-0.3715600133743
5.51020408163265,232.178979442208,-0.385484618328566
5.51020408163265,232.429618735937,-0.290742053873641
5.51020408163265,232.432925068139,-0.459233379718144
5.51020408163265,232.463893728841,-0.334168476367055
5.51020408163265,232.532451883544,-0.325935336842343
5.51020408163265,232.55334418237,-0.262234852763893
5.51020408163265,232.556205555975,-0.313875613847521
5.51020408163265,232.581957918417,-0.353748432296927
5.51020408163265,232.673763296602,-0.337515494854218
5.51020408163265,232.986862188852,-0.381626024769443
5.51020408163265,233.641834963959,-0.314663907892882
5.51020408163265,233.753183141151,-0.338303388845654
5.51020408163265,235.05994871257,-0.327733931859624
5.51020408163265,237.9403888322,-0.326316428136646
5.51020408163265,238.230890349464,-0.372435524026021
5.51020408163265,242.557708580623,-0.335571490321117
5.51020408163265,248.566623819016,-0.492448811106212
5.51020408163265,249,-0.436779482174018
5.51020408163265,255.442291419377,-0.439782036004762
5.59183673469388,212.929618735937,-0.378759549124255
5.59183673469388,221.392039293302,-0.365381426466841
5.59183673469388,223.057708580623,-0.312034515980016
5.59183673469388,226.114355508728,-0.301464200431
5.59183673469388,226.62834712241,-0.29902630264321
5.59183673469388,226.918848639674,-0.390090305307958
5.59183673469388,228.753372036693,-0.328208878644053
5.59183673469388,229.5,-0.347065946091545
5.59183673469388,229.923225798645,-0.398021497383938
5.59183673469388,231.971457970407,-0.367138237981672
5.59183673469388,232.178979442208,-0.378990220547994
5.59183673469388,232.429618735937,-0.285965474255059
5.59183673469388,232.432925068139,-0.456201848597822
5.59183673469388,232.463893728841,-0.331483056954522
5.59183673469388,232.532451883544,-0.324273400953081
5.59183673469388,232.55334418237,-0.257975745133478
5.59183673469388,232.556205555975,-0.309398198533944
5.59183673469388,232.581957918417,-0.349952589470517
5.59183673469388,232.673763296602,-0.333928118913554
5.59183673469388,232.986862188852,-0.379460604268291
5.59183673469388,233.641834963959,-0.310628233213893
5.59183673469388,233.753183141151,-0.333079036321793
5.59183673469388,235.05994871257,-0.323864669158677
5.59183673469388,237.9403888322,-0.322334078995852
5.59183673469388,238.230890349464,-0.369043115577866
5.59183673469388,242.557708580623,-0.331852424439704
5.59183673469388,248.566623819016,-0.490614794267263
5.59183673469388,249,-0.432811499901938
5.59183673469388,255.442291419377,-0.436459754559292
5.6734693877551,212.929618735937,-0.377057054125658
5.6734693877551,221.392039293302,-0.360920133518956
5.6734693877551,223.057708580623,-0.306492937325849
5.6734693877551,226.114355508728,-0.297520969280887
5.6734693877551,226.62834712241,-0.295138671829556
5.6734693877551,226.918848639674,-0.387757153606498
5.6734693877551,228.753372036693,-0.324363008813036
5.6734693877551,229.5,-0.342339107839259
5.6734693877551,229.923225798645,-0.394931265810317
5.6734693877551,231.971457970407,-0.362388152244415
5.6734693877551,232.178979442208,-0.37212977956908
5.6734693877551,232.429618735937,-0.280937175158062
5.6734693877551,232.432925068139,-0.452746660984788
5.6734693877551,232.463893728841,-0.328511140102186
5.6734693877551,232.532451883544,-0.322342641679065
5.6734693877551,232.55334418237,-0.253502318775798
5.6734693877551,232.556205555975,-0.304637232603828
5.6734693877551,232.581957918417,-0.345859622972509
5.6734693877551,232.673763296602,-0.330040193384446
5.6734693877551,232.986862188852,-0.37696246499654
5.6734693877551,233.641834963959,-0.30630546371931
5.6734693877551,233.753183141151,-0.327540270575995
5.6734693877551,235.05994871257,-0.31969858070795
5.6734693877551,237.9403888322,-0.318050652788375
5.6734693877551,238.230890349464,-0.365316443130249
5.6734693877551,242.557708580623,-0.32782370323396
5.6734693877551,248.566623819016,-0.48834387615167
5.6734693877551,249,-0.428423355975534
5.6734693877551,255.442291419377,-0.432740589431385
5.75510204081633,212.929618735937,-0.375039743889414
5.75510204081633,221.392039293302,-0.356143933632214
5.75510204081633,223.057708580623,-0.300697173515357
5.75510204081633,226.114355508728,-0.293329148965307
5.75510204081633,226.62834712241,-0.291001155508222
5.75510204081633,226.918848639674,-0.385114919012028
5.75510204081633,228.753372036693,-0.320214233904023
5.75510204081633,229.5,-0.337318263557997
5.75510204081633,229.923225798645,-0.391497479002852
5.75510204081633,231.971457970407,-0.35733000424731
5.75510204081633,232.178979442208,-0.364931224474616
5.75510204081633,232.429618735937,-0.275679799846419
5.75510204081633,232.432925068139,-0.448881044045351
5.75510204081633,232.463893728841,-0.325265972613354
5.75510204081633,232.532451883544,-0.320153588334934
5.75510204081633,232.55334418237,-0.248835733894819
5.75510204081633,232.556205555975,-0.299612573334062
5.75510204081633,232.581957918417,-0.34148820554026
5.75510204081633,232.673763296602,-0.325867616461625
5.75510204081633,232.986862188852,-0.374144408694318
5.75510204081633,233.641834963959,-0.301713644845124
5.75510204081633,233.753183141151,-0.321708811735752
5.75510204081633,235.05994871257,-0.315252736105977
5.75510204081633,237.9403888322,-0.313482960263611
5.75510204081633,238.230890349464,-0.361274636862793
5.75510204081633,242.557708580623,-0.323502915585177
5.75510204081633,248.566623819016,-0.485645953136424
5.75510204081633,249,-0.423631582101873
5.75510204081633,255.442291419377,-0.428640225185309
5.83673469387755,212.929618735937,-0.372718539741956
5.83673469387755,221.392039293302,-0.351071771895554
5.83673469387755,223.057708580623,-0.294672027632205
5.83673469387755,226.114355508728,-0.288906166875877
5.83673469387755,226.62834712241,-0.286631158414783
5.83673469387755,226.918848639674,-0.382175657421561
5.83673469387755,228.753372036693,-0.315772445464914
5.83673469387755,229.5,-0.332024195059696
5.83673469387755,229.923225798645,-0.387733950418161
5.83673469387755,231.971457970407,-0.351985089484224
5.83673469387755,232.178979442208,-0.35742400175063
5.83673469387755,232.429618735937,-0.270217559947587
5.83673469387755,232.432925068139,-0.444619198950271
5.83673469387755,232.463893728841,-0.321761581213276
5.83673469387755,232.532451883544,-0.31771766155232
5.83673469387755,232.55334418237,-0.24399830493068
5.83673469387755,232.556205555975,-0.294345055842665
5.83673469387755,232.581957918417,-0.336857943434923
5.83673469387755,232.673763296602,-0.321427130015388
5.83673469387755,232.986862188852,-0.371020504003146
5.83673469387755,233.641834963959,-0.29687185117712
5.83673469387755,233.753183141151,-0.315607342269955
5.83673469387755,235.05994871257,-0.310545185048509
5.83673469387755,237.9403888322,-0.308648664800579
5.83673469387755,238.230890349464,-0.356938421948835
5.83673469387755,242.557708580623,-0.318908928037845
5.83673469387755,248.566623819016,-0.482531847862741
5.83673469387755,249,-0.41845393816591
5.83673469387755,255.442291419377,-0.424175390590478
5.91836734693878,212.929618735937,-0.370105471617509
5.91836734693878,221.392039293302,-0.34572348206366
5.91836734693878,223.057708580623,-0.288443312632001
5.91836734693878,226.114355508728,-0.284270204841228
5.91836734693878,226.62834712241,-0.282046900582771
5.91836734693878,226.918848639674,-0.378951960808397
5.91836734693878,228.753372036693,-0.311046559222153
5.91836734693878,229.5,-0.326478641062452
5.91836734693878,229.923225798645,-0.383655343283459
5.91836734693878,231.971457970407,-0.346375695234425
5.91836734693878,232.178979442208,-0.34963902829445
5.91836734693878,232.429618735937,-0.264576342366084
5.91836734693878,232.432925068139,-0.439976263430202
5.91836734693878,232.463893728841,-0.318012734378006
5.91836734693878,232.532451883544,-0.315047171513774
5.91836734693878,232.55334418237,-0.239013479379449
5.91836734693878,232.556205555975,-0.288856436968487
5.91836734693878,232.581957918417,-0.331989322648546
5.91836734693878,232.673763296602,-0.316736272612102
5.91836734693878,232.986862188852,-0.367606102331584
5.91836734693878,233.641834963959,-0.291800151718158
5.91836734693878,233.753183141151,-0.309259436651679
5.91836734693878,235.05994871257,-0.305594927324807
5.91836734693878,237.9403888322,-0.303566229123602
5.91836734693878,238.230890349464,-0.352330097546121
5.91836734693878,242.557708580623,-0.314061877088464
5.91836734693878,248.566623819016,-0.479013293854731
5.91836734693878,249,-0.412909390645689
5.91836734693878,255.442291419377,-0.419363816993509
6,212.929618735937,-0.367213686798305
6,221.392039293302,-0.340119730866055
6,223.057708580623,-0.282037782281177
6,226.114355508728,-0.279440146692865
6,226.62834712241,-0.277267369484288
6,226.918848639674,-0.375456893798517
6,228.753372036693,-0.306044077446503
6,229.5,-0.320704239637563
6,229.923225798645,-0.379277133051232
6,231.971457970407,-0.340525041206283
6,232.178979442208,-0.341608639830563
6,232.429618735937,-0.258783833040781
6,232.432925068139,-0.434968272075099
6,232.463893728841,-0.31403490201806
6,232.532451883544,-0.312155315638528
6,232.55334418237,-0.23390581401672
6,232.556205555975,-0.283169335433698
6,232.581957918417,-0.326903651820481
6,232.673763296602,-0.311813329872816
6,232.986862188852,-0.363917852422872
6,233.641834963959,-0.286519572720218
6,233.753183141151,-0.302689487129597
6,235.05994871257,-0.300421881236625
6,237.9403888322,-0.298254858978613
6,238.230890349464,-0.347473512034509
6,242.557708580623,-0.308983159114648
6,248.566623819016,-0.475102922811874
6,249,-0.407018089195643
6,255.442291419377,-0.414224193829351
